[
    {
       "id":1,
       "nombre":"proteína",
       "precio":12.00,
       "img":"proteina.jpg",
       "cantidad": 0
    },
    {
       "id":2,
       "nombre":"vitaminas",
       "precio":18.00,
       "img":"vitaminas.jpg",
       "cantidad": 0
    },
    {
       "id":3,
       "nombre":"aminoácidos",
       "precio":28.00,
       "img":"aminoacidos.jpg",
       "cantidad": 0
    },
    {
       "id":4,
       "nombre":"fibra",
       "precio":15.00,
       "img":"fibra.jpg",
       "cantidad": 0
    },
    {
       "id":5,
       "nombre":"hierbas",
       "precio":12.00,
       "img":"hierbas.jpg",
       "cantidad": 0
    },
    {
       "id":6,
       "nombre":"colágeno",
       "precio":19.00,
       "img":"colageno.jpg",
       "cantidad": 0
    },
    {
      "id":7,
      "nombre":"barra proteica",
      "precio":20.00,
      "img":"protein-bars.jpg",
      "cantidad": 0
   },
   {
     "id":8,
     "nombre":"creatina",
     "precio":59.00,
     "img":"creatina.jpg",
     "cantidad": 0
  },
   {
     "id":9,
     "nombre":"Hidratante",
     "precio":12.00,
     "img":"hidratante.jpg",
     "cantidad": 0
  },
  {
    "id":10,
    "nombre":"L-Arginia",
    "precio":55.00,
    "img":"L-arginine.jpg",
    "cantidad": 0
 },
  {
    "id":11,
    "nombre":"pre-workout",
    "precio":46.00,
    "img":"pre-workout.jpg",
    "cantidad": 0
 },
  {
    "id":12,
    "nombre":"probióticos",
    "precio":38.00,
    "img":"probioticos.jpg",
    "cantidad": 0
 }
 ]